event_id,minute,second,team,player,x,y
65909191-5311-44e0-930b-d0e9ba9d9f8c,3,15,Croatia,Ivan Strinić,111.0,1.0
06d0af2a-8351-4736-bdce-4c3f616c5383,3,59,Croatia,Ante Rebić,101.0,74.0
59d401cf-f451-424a-a1c0-8cec7eb7387a,4,11,Croatia,Šime Vrsaljko,111.0,80.0
46b65da8-27be-4227-ba4d-b4eff3865e92,4,15,Croatia,Luka Modrić,107.0,77.0
45417a3a-0678-4d6f-829e-f431b0f55c90,7,15,Croatia,Ivan Strinić,113.0,1.0
e71840f6-dd08-422a-be0e-40822bc8a8aa,7,19,Croatia,Ivan Rakitić,119.0,5.0
a09b1e9c-633e-4349-a71a-18d0fefdec5e,8,10,Croatia,Ivan Rakitić,101.0,79.0
c111e879-c7d3-443a-8921-e877cc70ff60,8,13,Croatia,Marcelo Brozović,93.0,78.0
8631d5d8-fc69-4f0d-b9b0-aee311b9303f,9,51,Croatia,Ivan Strinić,114.0,14.0
9c847615-2668-453f-8c90-fa0019f66cc4,10,22,Croatia,Luka Modrić,84.0,66.0
6d13138a-db12-45be-a98b-c35c1db48b63,10,24,Croatia,Šime Vrsaljko,83.0,78.0
9ba78e6e-190f-44b7-89e1-f65cb8884e4f,10,33,Croatia,Šime Vrsaljko,81.0,77.0
0c0059b0-dc24-4187-950d-a7d22649097e,10,34,Croatia,Luka Modrić,83.0,74.0
b3974645-66b8-4f26-a097-8ee13084cf3f,16,20,France,Olivier Giroud,91.0,78.0
c25d4c47-2e6c-49c7-8c48-46fec6f06007,16,33,France,Antoine Griezmann,95.0,51.0
ef48ab57-ba92-4e0c-992b-b755d98f9d2e,16,52,France,Raphaël Varane,81.0,69.0
c6ff0d60-6068-4815-a43f-378ced83acfb,20,50,Croatia,Luka Modrić,102.0,74.0
c3062454-b759-4d91-8af7-1db3a52c65de,21,45,France,Lucas Hernández Pi,91.0,1.0
d9b70523-d60f-4595-95d2-204ab2f5e018,23,33,Croatia,Mario Mandžukić,106.0,66.0
e66fd0a2-6035-4631-9eb2-a1c19357d7b1,24,17,France,Antoine Griezmann,81.0,27.0
d139373e-54e6-4457-b2c9-727867f12929,27,45,Croatia,Luka Modrić,84.0,40.0
23792c7e-9f1a-4475-b117-4c1ae9536b7a,27,47,Croatia,Šime Vrsaljko,112.0,63.0
209a69b9-f83c-401f-ba77-be1912746bfc,27,49,Croatia,Mario Mandžukić,113.0,52.0
130a3380-6cf3-46f9-b948-175230271087,27,50,Croatia,Dejan Lovren,109.0,45.0
d87e434f-e346-49ad-a3e8-bc6c028146cf,27,51,Croatia,Domagoj Vida,108.0,40.0
39811428-fc59-4a36-900b-9cd2d610fa33,29,36,France,Benjamin Pavard,110.0,80.0
3aafe0b0-8d8f-41ce-aa2b-342edb6c1e42,31,34,Croatia,Luka Modrić,88.0,79.0
50c6b2aa-accc-40e6-ab13-8a5f6ad7bd01,31,36,Croatia,Mario Mandžukić,99.0,64.0
d39b7ebd-4372-4a0b-924e-5aba3259edef,31,37,Croatia,Ivan Perišić,93.0,79.0
361ce102-ea70-4a53-9558-93ee29815624,32,29,Croatia,Mario Mandžukić,90.0,61.0
ff34065e-d26e-49d0-a297-f7a09f618a70,39,21,Croatia,Ivan Strinić,82.0,3.0
6ef3c4ab-762d-4862-b26b-8e67d3e3d9b6,39,23,Croatia,Ivan Perišić,110.0,7.0
a90e28fe-0963-4a68-a1e0-5a7460877adf,40,34,Croatia,Šime Vrsaljko,93.0,75.0
e1abee6c-3406-4aac-8d5b-e746074bc670,40,37,Croatia,Dejan Lovren,81.0,78.0
df0775c6-1b09-47dc-9a2d-564de5277b37,40,48,Croatia,Ivan Perišić,82.0,8.0
f7cb5811-a666-4ffe-8ad9-ce38faa89ec5,41,8,Croatia,Šime Vrsaljko,100.0,79.0
5f1d43c3-0684-425e-b854-6250d61690f5,41,9,Croatia,Luka Modrić,96.0,73.0
15d22b9b-2f34-4df9-a151-b2c5e539b6f4,42,44,Croatia,Luka Modrić,81.0,74.0
136b37d4-52b3-4e26-92a1-71345a9f220e,43,34,Croatia,Ivan Rakitić,120.0,1.0
068104ae-8004-4277-9c9a-5c77024d73a6,43,45,Croatia,Ivan Rakitić,101.0,1.0
409d5381-2f20-413b-a94e-d2e378458438,45,15,Croatia,Ivan Rakitić,119.0,2.0
db146fad-fa38-4907-a107-c9c3db5d6bb7,47,38,Croatia,Marcelo Brozović,81.0,71.0
9a559272-09e9-4c2e-abca-bdb507e1b7be,47,40,Croatia,Šime Vrsaljko,102.0,78.0
12c5e58e-c8c8-4053-a591-2c2c6b2c75d4,47,46,Croatia,Ivan Perišić,115.0,2.0
c92f7da3-9439-49c2-add3-175604ce520c,45,14,France,Kylian Mbappé Lottin,81.0,73.0
0f18855f-28f9-4f39-bdd9-45c8bf6d3793,45,44,Croatia,Ante Rebić,85.0,60.0
d467e2ba-6c41-4653-a0dc-c056213f2845,46,8,France,Olivier Giroud,102.0,56.0
17d3a8aa-1741-4e9d-a5e3-68897ce5dad5,47,0,Croatia,Ivan Rakitić,85.0,22.0
8345cc8b-7609-4b1f-9829-5f2b19e3258d,47,30,Croatia,Luka Modrić,119.0,79.0
cac254b6-1a8f-4a15-92d9-6765c4d95d3e,49,1,Croatia,Šime Vrsaljko,81.0,79.0
d49d18d2-a652-47d0-8242-9d9844c0f8f9,50,30,Croatia,Šime Vrsaljko,94.0,79.0
9bd4c04d-bfc2-433f-a403-7f3686301c01,50,45,Croatia,Ivan Strinić,85.0,4.0
e54bffa8-733e-4ed7-875e-ef70a165f876,52,46,Croatia,Ivan Rakitić,86.0,11.0
174f23d2-f349-4200-b12b-92ec958a76b2,53,3,Croatia,Ivan Strinić,85.0,5.0
d589b9de-abda-46e0-bbd8-f2ddd6e53a0f,53,12,Croatia,Ivan Strinić,102.0,8.0
88815daa-d7af-42ed-b766-6faec4e44677,55,23,Croatia,Šime Vrsaljko,92.0,61.0
2f525564-0c9b-4900-ba31-4e33955a2e88,55,29,Croatia,Luka Modrić,89.0,53.0
b0d55c4a-7af1-4cf2-adb7-8aedd1aeba40,58,28,France,Kylian Mbappé Lottin,116.0,57.0
9b9b90fb-0daf-4359-b37b-6f27172092e4,58,31,France,Antoine Griezmann,106.0,44.0
0500c1b8-b877-417f-9c58-80a9c511bf24,61,50,France,Olivier Giroud,111.0,77.0
c4014eb2-6ca7-4f7d-b9b2-089deb07ebb0,62,38,Croatia,Ivan Rakitić,84.0,16.0
20500b3f-aea5-4459-b8a8-e528e1508b15,62,41,Croatia,Ante Rebić,88.0,19.0
206b56f4-0a2f-4f24-8f7b-35d603a793f4,63,4,Croatia,Luka Modrić,86.0,22.0
ddce1473-517e-444e-b484-0880be5dce12,63,17,Croatia,Dejan Lovren,84.0,60.0
40f91667-fddc-49e7-9b7f-f8dda1eea8e1,63,27,Croatia,Luka Modrić,87.0,36.0
a1572dcb-92a0-45d0-8d2d-7522984bcc40,63,35,Croatia,Mario Mandžukić,89.0,68.0
875e3b88-061c-474e-b74e-42879e011b39,63,48,Croatia,Ivan Strinić,98.0,4.0
dfe66c80-350a-48a0-9f54-14660fc23e40,63,57,Croatia,Ante Rebić,90.0,21.0
b95d4083-2f6f-4f0d-a813-ac6b1b7ba9c8,64,33,France,Lucas Hernández Pi,93.0,14.0
50b8eec1-cf3a-4bc2-b512-ac3c95a70587,66,22,Croatia,Šime Vrsaljko,92.0,48.0
637f8d8e-7c8b-4aa2-b680-88961868aea7,69,3,Croatia,Šime Vrsaljko,88.0,78.0
de26876e-7de6-437e-b971-6ccc3dc63197,69,5,Croatia,Ivan Perišić,86.0,71.0
4d57462b-23f5-4b52-b6dd-2d37d41ad0bc,69,7,Croatia,Luka Modrić,86.0,55.0
5e380a7b-3b89-4adb-a45e-15ad98b0ed29,69,24,Croatia,Marcelo Brozović,83.0,26.0
51d767a4-a651-4400-9689-d9ac1ab0f581,70,3,Croatia,Marcelo Brozović,82.0,25.0
4c781e01-f45e-408e-8171-675a413f85d5,70,3,Croatia,Ivan Rakitić,96.0,21.0
8ba28e1a-e63b-4192-ad3b-9e064a4e6714,71,1,France,Blaise Matuidi,82.0,12.0
d85a6c96-fbf0-4cdd-a1fb-4e965b2f3a2c,73,57,France,Kylian Mbappé Lottin,82.0,78.0
6099e333-a16b-45b7-91e0-92b5c67da16f,74,2,France,Antoine Griezmann,89.0,60.0
9431a75c-a98b-48ab-8176-d7a62a0e7380,74,6,France,Corentin Tolisso,88.0,40.0
911f5fc2-053b-4e47-8b6b-95bf4fe7fc00,74,26,Croatia,Šime Vrsaljko,97.0,59.0
9cb399b0-641e-4dd6-92dd-a15d21f27cf0,74,35,Croatia,Mario Mandžukić,91.0,46.0
8e311725-3067-4678-93e1-398faf7a3524,74,42,Croatia,Andrej Kramarić,93.0,19.0
43e2bfc8-91f1-446a-a82c-81d5f6d3262a,74,55,Croatia,Ivan Strinić,85.0,14.0
3c3ff5e1-33b9-4acb-b977-ab34de42e05a,74,57,Croatia,Marcelo Brozović,81.0,25.0
d772e230-271f-42ca-ae9e-9625dd99223b,75,40,France,Corentin Tolisso,83.0,28.0
ad2b38da-be95-46ac-9a7d-5b64582a5825,76,4,France,Lucas Hernández Pi,98.0,2.0
ea918082-7f99-410b-a9db-22b1104212bd,76,43,Croatia,Šime Vrsaljko,85.0,70.0
b2555611-a182-49b7-ae33-0cb9e7024020,76,55,Croatia,Ivan Strinić,103.0,5.0
b199546b-4139-41b7-b6a2-979f14b2cd62,77,5,Croatia,Šime Vrsaljko,114.0,72.0
52a4cc8c-f745-4933-b5c6-da618f3ba880,77,12,Croatia,Andrej Kramarić,111.0,22.0
15b92b32-f121-475e-bb29-8515eb5f9f6b,79,27,Croatia,Šime Vrsaljko,102.0,75.0
39efa041-285c-4e18-8ade-3b9e261b3cf5,79,34,Croatia,Andrej Kramarić,82.0,39.0
ffa6f694-0427-40b3-85d1-2c9c6e9b0c99,79,45,Croatia,Mario Mandžukić,81.0,26.0
e343bbcc-b4a1-47d7-ad2b-8b473c5d0b16,79,50,Croatia,Luka Modrić,90.0,44.0
d1ad728a-32a1-4851-95eb-6737419aa96a,79,52,Croatia,Ivan Perišić,96.0,49.0
f5edaba8-6a61-43b5-9f6b-05444fb409fb,79,56,Croatia,Šime Vrsaljko,103.0,68.0
321620d5-199c-42c0-94a3-c77ae4e6784c,79,59,Croatia,Luka Modrić,97.0,53.0
30ba71cc-c159-4975-83e4-c88babf7c7b5,81,17,Croatia,Šime Vrsaljko,85.0,63.0
cbb19bf7-ef5c-49a1-8694-e66010c4be30,81,37,Croatia,Andrej Kramarić,92.0,31.0
819ade1c-600d-4e4e-9f26-472b99610436,84,32,Croatia,Šime Vrsaljko,82.0,72.0
a08d44b9-8957-4999-8527-11d8a9a2301f,84,42,Croatia,Ivan Perišić,99.0,8.0
1d22542d-fd34-4561-b44b-d75cc227136a,84,49,Croatia,Dejan Lovren,82.0,32.0
dcb36bfc-f074-4c15-bf6f-d2dbc6c95c7f,84,50,Croatia,Ivan Rakitić,90.0,22.0
430c90a4-baf6-41ba-ac92-3b291cccec5e,84,54,Croatia,Šime Vrsaljko,84.0,47.0
4441c0f1-d844-44b3-8e81-77b02c149ad3,86,56,Croatia,Andrej Kramarić,82.0,55.0
8fb9a75e-2b35-4bde-a4df-440b359fc84c,87,47,Croatia,Marko Pjaca,88.0,62.0
0ee20d1a-907c-48fd-b89a-f9a81dea690e,88,0,Croatia,Domagoj Vida,91.0,5.0
74fbc237-62d3-427d-8e5b-03ac4c5c1a02,88,1,Croatia,Andrej Kramarić,92.0,16.0
651067b0-ed01-4cd5-a341-580c4029b4cf,88,5,Croatia,Domagoj Vida,107.0,13.0
c02133ed-3ae3-49f4-a7b1-fea03e5b78e3,88,7,Croatia,Andrej Kramarić,100.0,18.0
300ed9c1-6e72-42b1-9e70-059ffeba953e,88,50,France,Steven N''Kemboanza Mike Christopher Nzonzi,86.0,69.0
cfde6c7c-7460-4a55-a84e-baa3d14f933f,91,10,France,Kylian Mbappé Lottin,86.0,53.0
b2cd50de-517b-48f8-8586-6bf8cf7d9e66,93,8,Croatia,Andrej Kramarić,95.0,5.0
